101,37,Actor
101,38,Actor
101,39,Actor
101,40,Director
102,37,Actor
102,38,Actor
102,39,Actor
102,40,Director
102,41,Producer
103,42,Actor
103,43,Actor
103,44,Actor
103,39,Actor
103,45,Director
103,45,Producer
104,40,Director
104,40,Producer
105,46,Actor
105,47,Actor
105,48,Director
105,41,Producer
106,49,Director
106,38,Producer
107,40,Actor
107,50,Director
107,51,Producer
108,38,Actor
108,52,Director
108,53,Producer
109,53,Director
109,46,Producer
110,43,Actor
110,52,Director
110,54,Producer
111,54,Actor
111,53,Director
111,54,Producer
201,5,Actor
201,6,Actor
201,6,Director
201,7,Producer
202,10,Actor
202,29,Actor
202,6,Actor
203,8,Actor
203,24,Actor
204,30,Director
204,34,Producer
204,10,Actor
204,11,Actor
204,32,Actor
204,33,Actor
205,31,Director
205,31,Producer
205,12,Actor
205,13,Actor
206,26,Producer
206,27,Actor
206,28,Actor
207,23,Director
207,24,Actor
207,25,Producer
207,22,Actor
208,9,Actor
208,19,Director
208,21,Actor
208,20,Actor
209,17,Director
209,9,Actor
209,16,Actor
210,18,Director
210,14,Producer
210,14,Actor
210,13,Actor